<?xml version="1.0"?>
<window type="window" id="14000">
	<backgroundcolor>0xfffffafa</backgroundcolor>
	<defaultcontrol always="true">55</defaultcontrol>
	<allowoverlay>yes</allowoverlay>
	<controls>
	
		<control type="image">
			<posx>0</posx>
			<posy>0</posy>
			<width>1280</width>
			<height>720</height>
			<texture>filter.jpg</texture>
			<animation effect="fade" start="100" end="90" time="400">WindowOpen</animation>
		</control>

		
		
		
		<!-- Browser -->
		<control type="fixedlist" id="55">
			<posx>586</posx>
			<posy>144</posy>
			<height>460</height>
			<width>690</width>
			<onup>3001</onup>
			<ondown>55</ondown>
			<onleft>-</onleft>
			<onright>60</onright>
			<scrolltime>160</scrolltime>
			<viewtype label="31289">list</viewtype>
			<orientation>vertical</orientation>
			<focusposition>6</focusposition>
			<pagecontrol>60</pagecontrol>
			<animation type="WindowOpen">
				<effect type="zoom" time="400" center="640,360" start="50" end="100" tween="cubic" easing="out" />
				<effect type="fade" time="400" center="640,360" start="0" end="100" />
			</animation>
			<animation type="WindowClose">
				<effect type="zoom" time="400" center="640,360" start="100" end="50" tween="cubic" easing="in" />
				<effect type="fade" time="400" center="640,360" start="100" end="0" />
			</animation>
			<animation type="Conditional" condition="ControlGroup(7000).HasFocus | ControlGroup(7001).HasFocus | Window.IsActive(yesnodialog)">
				<effect type="zoom" time="600" center="640,360" start="100" end="50" tween="cubic" easing="inout" />
				<effect type="fade" time="400" start="100" end="0" />
			</animation>
			<itemlayout width="0" height="34">
				<control type="label">
					<posx>14</posx>
					<posy>0</posy>
					<width>520</width>
					<height>32</height>
					<aligny>center</aligny>
					<font>font22</font>
					<textcolor>FF323232</textcolor>
					<selectedcolor>FFFFFFFF</selectedcolor>
					<label>$INFO[ListItem.Label]</label>
					<scroll>false</scroll>
				</control>
				<control type="label">
					<posx>570</posx>
					<posy>0</posy>
					<width>80</width>
					<height>50</height>
					<aligny>right</aligny>
					<font>font20b</font>
					<textcolor>FF323232</textcolor>
					<selectedcolor>FFFFFFFF</selectedcolor>
					<label>$INFO[ListItem.Property(custom:time)]</label>
				</control>
			</itemlayout>
			<focusedlayout width="0" height="50">
				<control type="image">
					<posx>0</posx>
					<posy>0</posy>
					<width>664</width>
					<height>50</height>
					<aligny>center</aligny>
					<texture border="8">list/listfocus.png</texture>
					<animation effect="slide" start="0,-50" end="0,0" time="400" reversible="false" tween="back" easing="out" condition="Container.OnNext">Focus</animation>
					<animation effect="slide" start="0,50" end="0,0" time="400" reversible="false" tween="back" easing="out" condition="Container.OnPrevious">Focus</animation>
				</control>
				<control type="label">
					<posx>14</posx>
					<posy>0</posy>
					<width>520</width>
					<height>50</height>
					<aligny>center</aligny>
					<font>font26b</font>
					<textcolor>FF212121</textcolor>
					<selectedcolor>FFFFFFFF</selectedcolor>
					<label>$INFO[ListItem.Label]</label>
					<scroll>false</scroll>
				</control>
				<control type="label">
					<posx>570</posx>
					<posy>5</posy>
					<width>80</width>
					<height>50</height>
					<aligny>right</aligny>
					<font>font24b</font>
					<textcolor>FF212121</textcolor>
					<selectedcolor>FFFFFFFF</selectedcolor>
					<label>$INFO[ListItem.Property(custom:time)]</label>
				</control>
			</focusedlayout>
			<content type="url">
				<onclick lang="python">
<![CDATA[
app.down(id=55)
]]>
				</onclick>
			</content>	
			
		</control>

		<control type="image">
			<posx>0</posx>
			<posy>0</posy>
			<width>1280</width>
			<height>720</height>
			<texture>list_vignette.jpg</texture>
			<visible>Control.IsVisible(55)</visible>
			<animation effect="fade" start="10" end="10">WindowOpen</animation>
		</control>
		
		<!-- Scroll Bar -->
		<control type="image">
			<posx>1275</posx>
			<posy>140</posy>
			<width>5</width>
			<height>468</height>
			<texture>grey_transparant.png</texture>
			<visible allowhiddenfocus="true">Control.IsVisible(55) + Control.HasFocus(60)</visible>
		</control>
		<control type="scrollbar" id="60">
			<animation type="WindowOpen">
				<effect type="zoom" time="400" center="640,360" start="50" end="100" tween="cubic" easing="out" />
				<effect type="fade" time="400" center="640,360" start="0" end="100" />
			</animation>
			<animation type="WindowClose">
				<effect type="zoom" time="400" center="640,360" start="100" end="50" tween="cubic" easing="in" />
				<effect type="fade" time="400" center="640,360" start="100" end="0" />
			</animation>
			<animation type="Conditional" condition="ControlGroup(7000).HasFocus | ControlGroup(7001).HasFocus | Window.IsActive(yesnodialog)">
				<effect type="zoom" time="600" center="640,360" start="100" end="50" tween="cubic" easing="inout" />
				<effect type="fade" time="400" start="100" end="0" />
			</animation>
			<posx>1268</posx>
			<posy>140</posy>
			<width>18</width>
			<height>468</height>
			<visible allowhiddenfocus="true">Control.IsVisible(55) + Control.HasFocus(60)</visible>
			<texturesliderbackground>-</texturesliderbackground>
			<textureslidernibfocus>ScrollBarV_Nib_Focus.png</textureslidernibfocus>
			<onleft>55</onleft>
			<onright>-</onright>
			<showonepage>true</showonepage>
			<orientation>vertical</orientation>
			<animation effect="fade" start="0" end="100" time="400" condition="Control.HasFocus(60)">Conditional</animation>
		</control>

		
  		<control type="group">
			<posx>250</posx>
			<posy>150</posy>
                        <animation type="WindowOpen">
				<effect type="zoom" time="400" center="375,275" start="50" end="100" tween="cubic" easing="out" />
				<effect type="fade" time="400" center="375,275" start="0" end="100" />
			</animation>
			<animation type="WindowClose">
				<effect type="zoom" time="400" center="375,275" start="100" end="50" tween="cubic" easing="in" />
				<effect type="fade" time="400" center="375,275" start="100" end="0" />
			</animation>
			<control type="image">
				<posx>25</posx>
				<posy>25</posy>
				<width>200</width>
				<height>200</height>
				<texture>default-cover.png</texture>
				<visible>StringCompare(Control.GetLabel(223),)</visible>
			</control>
			<control type="largeimage" id="223">
				<posx>25</posx>
				<posy>25</posy>
				<width>200</width>
				<height>200</height>
				<texture>$INFO[Container(55).ListItem.Thumb]</texture>
			</control>
			<control type="image">
				<posx>0</posx>
				<posy>0</posy>
				<width>250</width>
				<height>250</height>
				<texture>panelsquareframeFO.png</texture>
				<aspectratio>stretch</aspectratio>
				<fadetime>200</fadetime>
			</control>
			
			<control type="label">
					<posx>240</posx>
					<posy>265</posy>
					<width>320</width>
					<font>font22</font>
					<textcolor>FF686868</textcolor>
					<label>$INFO[Container(55).ListItem.Album]</label>
					<align>right</align>
			</control>

		</control>



		<control type="group" id='7000'>
			<visible>false</visible>
			<control type="image">
				<posx>0</posx>
				<posy>0</posy>
				<width>1280</width>
				<height>720</height>
				<texture>filter.jpg</texture>
				<colordiffuse>f1FFFFFF</colordiffuse>
				<animation effect="fade" start="0" end="90" time="200">Visible</animation>
				<animation effect="fade" start="90" end="0" time="400">Hidden</animation>
			</control>
			<control type="grouplist" id="7001">
				<width>840</width>
				<height>80</height>
				<posx>220</posx>
				<posy>350</posy>
				<onup>-</onup>
				<ondown>-</ondown>
				<itemgap>0</itemgap>
				<animation type="Visible">
					<effect delay="200" type="zoom" time="600" center="640,360" start="50" end="100" tween="cubic" easing="out" />
					<effect delay="200" type="fade" time="600" start="0" end="100" />
				</animation>
				<animation type="Hidden">
					<effect type="fade" time="200" start="100" end="0" />
				</animation>
				<animation type="WindowOpen">
					<effect delay="200" type="zoom" time="600" center="640,360" start="50" end="100" tween="cubic" easing="out" />
					<effect delay="200" type="fade" time="600" start="0" end="100" />
				</animation>
				<animation type="WindowClose">
					<effect type="fade" time="200" start="100" end="0" />
				</animation>
				<orientation>horizontal</orientation>
				<posy>330</posy>
				<control type="button" id="5">
					<description>Play</description>
					<label>All</label>
					<posx>0</posx>
					<posy>0</posy>
					<width>210</width>
					<height>60</height>
					<align>center</align>
					<aligny>top</aligny>
					<font>font24b</font>
					<textcolor>FF5b5b5b</textcolor>
					<focusedcolor>FF5b5b5b</focusedcolor>
					<disabledcolor>FFa8a8a8</disabledcolor>
					<texturenofocus>transparant.png</texturenofocus>
					<texturefocus>transparant.png</texturefocus>
					<wrapmultiline>true</wrapmultiline>
					<animation type="conditional" condition="!ControlGroup(7001).HasFocus(5)">
						<effect type="zoom" center="100,0" start="100" end="70" time="200" tween="cubic" easing="in" />
						<effect type="fade" start="100" end="75" time="200" />
					</animation>
					<onclick lang="python">
<![CDATA[
app._player.play('play', 'all')
]]>
					</onclick>
				</control>
				<control type="button" id="6">
					<description>Play</description>
					<label>Selected</label>
					<posx>0</posx>
					<posy>0</posy>
					<width>210</width>
					<height>60</height>
					<align>center</align>
					<aligny>top</aligny>
					<font>font24b</font>
					<textcolor>FF5b5b5b</textcolor>
					<focusedcolor>FF5b5b5b</focusedcolor>
					<disabledcolor>FFa8a8a8</disabledcolor>
					<wrapmultiline>true</wrapmultiline>
					<texturenofocus>transparant.png</texturenofocus>
					<texturefocus>transparant.png</texturefocus>
					<animation type="conditional" condition="!ControlGroup(7001).HasFocus(6)">
						<effect type="zoom" center="100,0" start="100" end="70" time="200" tween="cubic" easing="in" />
						<effect type="fade" start="100" end="75" time="200" />
					</animation>
					<onclick lang="python">
<![CDATA[
app._player.play('play', 'selected')
]]>
					</onclick>
				</control>
				<control type="button" id="10">
					<description>Queue</description>
					<label>All</label>
					<posx>0</posx>
					<posy>0</posy>
					<width>210</width>
					<height>60</height>
					<align>center</align>
					<aligny>top</aligny>
					<font>font24b</font>
					<textcolor>FF5b5b5b</textcolor>
					<focusedcolor>FF5b5b5b</focusedcolor>
					<disabledcolor>FFa8a8a8</disabledcolor>
					<wrapmultiline>true</wrapmultiline>
					<texturenofocus>transparant.png</texturenofocus>
					<texturefocus>transparant.png</texturefocus>
					<animation type="conditional" condition="!ControlGroup(7001).HasFocus(10)">
						<effect type="zoom" center="100,0" start="100" end="70" time="200" tween="cubic" easing="in" />
						<effect type="fade" start="100" end="75" time="200" />
					</animation>
					<onclick lang="python">
<![CDATA[
app._player.play('queue', 'all')
]]>
					</onclick>
				</control>
				<control type="button" id="12">
					<description>Queue</description>
					<label>Selected</label>
					<posx>0</posx>
					<posy>0</posy>
					<width>210</width>
					<height>60</height>
					<align>center</align>
					<aligny>top</aligny>
					<font>font24b</font>
					<textcolor>FF5b5b5b</textcolor>
					<focusedcolor>FF5b5b5b</focusedcolor>
					<disabledcolor>FFa8a8a8</disabledcolor>
					<wrapmultiline>true</wrapmultiline>
					<texturenofocus>transparant.png</texturenofocus>
					<texturefocus>transparant.png</texturefocus>
					<animation type="conditional" condition="!ControlGroup(7001).HasFocus(12)">
						<effect type="zoom" center="100,0" start="100" end="70" time="200" tween="cubic" easing="in" />
						<effect type="fade" start="100" end="75" time="200" />
					</animation>
					<onclick lang="python">
<![CDATA[
app._player.play('queue', 'selected')
]]>
					</onclick>
				</control>
			</control>
			<control type="grouplist">
				<width>840</width>
				<height>80</height>
				<posx>220</posx>
				<posy>310</posy>
				<onup>-</onup>
				<ondown>-</ondown>
				<itemgap>0</itemgap>
				<visible allowhiddenfocus="true">ControlGroup(7001).HasFocus</visible>
				<animation type="Visible">
					<effect delay="200" type="zoom" time="600" center="640,360" start="50" end="100" tween="cubic" easing="out" />
					<effect delay="200" type="fade" time="600" start="0" end="100" />
				</animation>
				<animation type="Hidden">
					<effect type="fade" time="200" start="100" end="0" />
				</animation>
				<animation type="WindowOpen">
					<effect delay="200" type="zoom" time="600" center="640,360" start="50" end="100" tween="cubic" easing="out" />
					<effect delay="200" type="fade" time="600" start="0" end="100" />
				</animation>
				<animation type="WindowClose">
					<effect type="fade" time="200" start="100" end="0" />
				</animation>
				<orientation>horizontal</orientation>
				<posy>300</posy>
				<control type="button" id="7040">
					<posx>0</posx>
					<posy>0</posy>
					<width>210</width>
					<height>30</height>
					<align>center</align>
					<font>font36b</font>
					<textcolor>FF5b5b5b</textcolor>
					<disabledcolor>FFa8a8a8</disabledcolor>
					<aligny>bottom</aligny>
					<label>Play</label>
					<texturenofocus>transparant.png</texturenofocus>
					<texturefocus>transparant.png</texturefocus>
					<animation type="conditional" condition="!ControlGroup(7001).HasFocus(5)">
						<effect type="zoom" center="100,30" start="100" end="70" time="200" tween="cubic" easing="in" />
						<effect type="fade" start="100" end="75" time="200" />
					</animation>
				</control>
				<control type="button" id="7041">
					<posx>0</posx>
					<posy>0</posy>
					<width>210</width>
					<height>30</height>
					<align>center</align>
					<font>font36b</font>
					<textcolor>FF5b5b5b</textcolor>
					<disabledcolor>FFa8a8a8</disabledcolor>
					<aligny>bottom</aligny>
					<label>Play</label>
					<texturenofocus>transparant.png</texturenofocus>
					<texturefocus>transparant.png</texturefocus>
					<animation type="conditional" condition="!ControlGroup(7001).HasFocus(6)">
						<effect type="zoom" center="100,30" start="100" end="70" time="200" tween="cubic" easing="in" />
						<effect type="fade" start="100" end="75" time="200" />
					</animation>
				</control>
				<control type="button" id="7042">
					<posx>0</posx>
					<posy>0</posy>
					<width>210</width>
					<height>30</height>
					<align>center</align>
					<font>font36b</font>
					<textcolor>FF5b5b5b</textcolor>
					<disabledcolor>FFa8a8a8</disabledcolor>
					<aligny>bottom</aligny>
					<label>Queue</label>
					<texturenofocus>transparant.png</texturenofocus>
					<texturefocus>transparant.png</texturefocus>
					<animation type="conditional" condition="!ControlGroup(7001).HasFocus(10)">
						<effect type="zoom" center="100,30" start="100" end="70" time="200" tween="cubic" easing="in" />
						<effect type="fade" start="100" end="75" time="200" />
					</animation>
				</control>
				<control type="button" id="7043">
					<posx>0</posx>
					<posy>0</posy>
					<width>210</width>
					<height>30</height>
					<align>center</align>
					<font>font36b</font>
					<textcolor>FF5b5b5b</textcolor>
					<disabledcolor>FFa8a8a8</disabledcolor>
					<aligny>bottom</aligny>
					<label>Queue</label>
					<texturenofocus>transparant.png</texturenofocus>
					<texturefocus>transparant.png</texturefocus>
					<animation type="conditional" condition="!ControlGroup(7001).HasFocus(12)">
						<effect type="zoom" center="100,30" start="100" end="70" time="200" tween="cubic" easing="in" />
						<effect type="fade" start="100" end="75" time="200" />
					</animation>
				</control>
			</control>
		</control>
		
		
		
	
		
		<control type="group">
			<posx>100</posx>
			<posy>18</posy>
			<control type="label">
				<width>320</width>
				<font>font38</font>
				<textcolor>FF686868</textcolor>
				<label>[UPPERCASE]$INFO[Container(55).ListItem.Property(custom:header)][/UPPERCASE]</label>
				<align>left</align>
			</control>
			<control type="label">
				<posx>-2</posx>
				<posy>46</posy>
				<width>320</width>
				<font>font22</font>
				<textcolor>FF686868</textcolor>
				<label>$INFO[Container(55).ListItem.Artist]</label>
				<align>left</align>
			</control>
		</control>
		
		

		<control type="group">
			<posx>1252</posx>
			<posy>18</posy>
			<control type="label">
				<width>320</width>
				<font>font38</font>
				<textcolor>FF686868</textcolor>
				<info>System.Time(hh:mm)</info>
				<align>right</align>
			</control>
			<control type="label">
				<posx>-2</posx>
				<posy>46</posy>
				<width>320</width>
				<font>font22</font>
				<textcolor>FF686868</textcolor>
				<label>$INFO[System.Date]</label>
				<align>right</align>
			</control>
			<control type="label">
				<animation effect="fade" start="100" end="0" time="200" condition="Window.IsActive(408)">Conditional</animation>
				<visible>!Container(55).IsEmpty</visible>
				<posx>-2</posx>
				<posy>650</posy>
				<width>320</width>
				<font>font22</font>
				<align>right</align>
				<textcolor>FF686868</textcolor>
				<label>$INFO[Container(55).NumItems] Items</label>
			</control>
		</control>	
		
		
		<control type="group">
			<posy>0</posy>
			<posx>650</posx>
			<control type="image">
				<posy>-130</posy>
				<width>350</width>
				<height>200</height>
				<texture border="20">lfm_nowplaying.png</texture>
			</control>
			<control type="grouplist" id="2099">
					<posx>50</posx>
					<posy>5</posy>
					<onleft>1000</onleft>
					<itemgap>0</itemgap>
					<orientation>horizontal</orientation>
					<control type="button" id="3000">
						<width>40</width>
						<height>33</height>
						<onright>3001</onright>
						<ondown lang="python">
<![CDATA[
mc.GetActiveWindow().GetControl(55).SetFocus()
]]>
						</ondown>
						<texturenofocus>lfm_btn_prev.png</texturenofocus>
						<texturefocus>lfm_btn_prev_on.png</texturefocus>
						<onclick lang="python">
<![CDATA[
app._player.PlayPrevious()
]]>
						</onclick>
					</control>
					<control type="button" id="3001">
						<width>40</width>
						<height>33</height>
						<onright>3002</onright>
						<onleft>3000</onleft>
						<ondown lang="python">
<![CDATA[
mc.GetActiveWindow().GetControl(55).SetFocus()
]]>
						</ondown>
						<texturenofocus>lfm_btn_stop.png</texturenofocus>
						<texturefocus>lfm_btn_stop_on.png</texturefocus>
						<onclick lang="python">
<![CDATA[
app._player.Stop()
mc.GetActiveWindow().GetControl(55).SetFocus()
]]>
						</onclick>
					</control>
					<control type="button" id="3002">
						<width>40</width>
						<height>33</height>
						<onleft>3001</onleft>
						<onright>3003</onright>
						<visible>!Player.Paused</visible>
						<texturenofocus>lfm_btn_pause.png</texturenofocus>
						<texturefocus>lfm_btn_pause_on.png</texturefocus>
						<onclick lang="python">
<![CDATA[
app._player.Pause()
mc.GetActiveWindow().GetControl(55).SetFocus()
]]>
						</onclick>
						<ondown lang="python">
<![CDATA[
mc.GetActiveWindow().GetControl(55).SetFocus()
]]>
						</ondown>
					</control>
					<control type="button" id="3003">
						<width>40</width>
						<height>33</height>
						<onleft>3002</onleft>
						<onright>3004</onright>
						<visible>Player.Paused</visible>
						<texturenofocus>lfm_btn_play.png</texturenofocus>
						<texturefocus>lfm_btn_play_on.png</texturefocus>
						<onclick lang="python">
<![CDATA[
app._player.Pause()
mc.GetActiveWindow().GetControl(55).SetFocus()
]]>
						</onclick>
						<ondown lang="python">
<![CDATA[
mc.GetActiveWindow().GetControl(55).SetFocus()
]]>
						</ondown>
					</control>
					<control type="button" id="3004">
						<width>40</width>
						<height>33</height>
						<onleft>3003</onleft>
						<onright>3005</onright>
						<texturenofocus>lfm_btn_next.png</texturenofocus>
						<texturefocus>lfm_btn_next_on.png</texturefocus>
						<onclick lang="python">
<![CDATA[
app._player.PlayNext()
]]>
						</onclick>
						<ondown lang="python">
<![CDATA[
mc.GetActiveWindow().GetControl(55).SetFocus()
]]>
						</ondown>
					</control>
					<control type="button" id="3005">
						<width>40</width>
						<height>33</height>
						<onleft>3004</onleft>
						<onright>3006</onright>
						<texturenofocus>lfm_btn_down.png</texturenofocus>
						<texturefocus>lfm_btn_down_on.png</texturefocus>
						<onclick>VolumeDown</onclick>
						<ondown lang="python">
<![CDATA[
mc.GetActiveWindow().GetControl(55).SetFocus()
]]>
						</ondown>
					</control>
					<control type="button" id="3006">
						<width>40</width>
						<height>33</height>
						<onleft>3005</onleft>
						<texturenofocus>lfm_btn_up.png</texturenofocus>
						<texturefocus>lfm_btn_up_on.png</texturefocus>
						<onclick>VolumeUp</onclick>
						<ondown lang="python">
<![CDATA[
mc.GetActiveWindow().GetControl(55).SetFocus()
]]>
						</ondown>
					</control>
			</control>	
		</control>	
			
		
		
		
		
		
		
		
		
		
		
		
		
		
		
		
		
		
		
		
		
		
		
		<control type="group">
			<posx>30</posx>
			<posy>520</posy>
			<animation effect="slide" start="0,0" end="-186,0" time="400" condition="!Player.HasAudio">Conditional</animation>
			<visible>Player.HasAudio</visible>
			<control type="image">
				<animation type="Conditional" reversible="false" condition="!StringCompare(MusicPlayer.Cover,DefaultAlbumCover.png)">
					<effect type="slide" start="0,0" end="70,0" time="600" tween="cubic" easing="out" delay="400"/>
					<effect type="fade" start="0" end="100" time="400" delay="400"/>
				</animation>
				<animation effect="fade" start="100" end="0">WindowClose</animation>
				<animation effect="rotate" end="-360" center="auto" time="2500" loop="true" reversible="false" condition="!Player.Paused+Player.HasAudio">Conditional</animation>
				<animation effect="rotate" end="-360" center="auto" time="2000" loop="true" reversible="false" condition="Player.Forwarding2x+Player.HasAudio">Conditional</animation>
				<animation effect="rotate" end="-360" center="auto" time="1600" loop="true" reversible="false" condition="Player.Forwarding4x+Player.HasAudio">Conditional</animation>
				<animation effect="rotate" end="-360" center="auto" time="1100" loop="true" reversible="false" condition="Player.Forwarding8x+Player.HasAudio">Conditional</animation>
				<animation effect="rotate" end="-360" center="auto" time="700" loop="true" reversible="false" condition="Player.Forwarding16x+Player.HasAudio">Conditional</animation>
				<animation effect="rotate" end="-360" center="auto" time="400" loop="true" reversible="false" condition="Player.Forwarding32x+Player.HasAudio">Conditional</animation>
				<animation effect="rotate" end="360" center="auto" time="1100" loop="true" reversible="false" condition="Player.Rewinding2x+Player.HasAudio">Conditional</animation>
				<animation effect="rotate" end="360" center="auto" time="850" loop="true" reversible="false" condition="Player.Rewinding4x+Player.HasAudio">Conditional</animation>
				<animation effect="rotate" end="360" center="auto" time="700" loop="true" reversible="false" condition="Player.Rewinding8x+Player.HasAudio">Conditional</animation>
				<animation effect="rotate" end="360" center="auto" time="500" loop="true" reversible="false" condition="Player.Rewinding16x+Player.HasAudio">Conditional</animation>
				<animation effect="rotate" end="360" center="auto" time="350" loop="true" reversible="false" condition="Player.Rewinding32x+Player.HasAudio">Conditional</animation>
				<posx>8</posx>
				<posy>8</posy>
				<width>160</width>
				<height>160</height>
				<texture >cd.png</texture>
				<aspectratio>keep</aspectratio>
				<visible>!StringCompare(MusicPlayer.Cover,DefaultAlbumCover.png)</visible>
			</control>
			<control type="image">
				<width>174</width>
				<height>174</height>
				<aspectratio aligny="top">scale</aspectratio>
				<texture>$INFO[MusicPlayer.Cover]</texture>
				<bordertexture border="8">thumb_border.png</bordertexture>
				<bordersize>6</bordersize>
				<visible>!StringCompare(MusicPlayer.Cover,DefaultAlbumCover.png)</visible>
			</control>
			<control type="image">
				<width>174</width>
				<height>174</height>
				<aspectratio aligny="top">scale</aspectratio>
				<texture>default-cover.png</texture>
				<visible>StringCompare(MusicPlayer.Cover,DefaultAlbumCover.png)</visible>
			</control>
			<control type="group">
				<control type="fadelabel">
					<posx>186</posx>
					<posy>112</posy>
					<width>1034</width>
					<scrollout>false</scrollout>
					<pauseatend>1800</pauseatend>
					<scrollspeed>40</scrollspeed>
					<scroll>true</scroll>
					<font>font28</font>
					<label>$INFO[MusicPlayer.Title]</label>
					<textcolor>FF686868</textcolor>
					<animation effect="slide" end="0,26" condition="IsEmpty(MusicPlayer.Artist) + IsEmpty(MusicPlayer.Album)">Conditional</animation>
					<animation effect="slide" start="0,0" end="54,0" time="600" tween="cubic" easing="out" delay="400" condition="!StringCompare(MusicPlayer.Cover,DefaultAlbumCover.png)">Conditional</animation>
				</control>
				<control type="grouplist">
					<posx>186</posx>
					<posy>142</posy>
					<width>1034</width>
					<height>30</height>
					<itemgap>10</itemgap>
					<align>left</align>
					<orientation>horizontal</orientation>
					<animation effect="slide" start="0,0" end="36,0" time="600" tween="cubic" easing="out" delay="400" condition="!StringCompare(MusicPlayer.Cover,DefaultAlbumCover.png)">Conditional</animation>
					<control type="label">
						<posx>0</posx>
						<posy>0</posy>
						<height>28</height>
						<width min="10" max="1034">auto</width>
						<font>font22</font>
						<label>$INFO[MusicPlayer.Artist]</label>
						<textcolor>FF686868</textcolor>
					</control>
					<control type="label">
						<posx>0</posx>
						<posy>0</posy>
						<height>30</height>
						<width min="10" max="1034">auto</width>
						<font>font23</font>
						<label>$INFO[MusicPlayer.Album]</label>
						<textcolor>FF686868</textcolor>
					</control>
				</control>
			</control>
		</control>
	</controls>

</window>
