	<app>
		<id>bartsidee.podcast</id>
		<name>Podcasts</name>
		<version>0.3</version>
		<description>Listen to online podcast from iTunes</description>
		<thumb>http://www.bartsidee.nl/boxee/apps/podcast/thumb.png</thumb>
		<repositoryid>com.bart</repositoryid>
		<repository>http://www.bartsidee.nl/boxee</repository>
		<media>music</media>
		<copyright>bartsidee</copyright>
		<email>bartsidee@gmail.com</email>
		<type>skin</type>
		<startWindow>default</startWindow>
		<platform>all</platform>
		<minversion>0.9.14</minversion>
	</app>