<app>
    <id>bartsidee.music</id>
    <name>Music Player</name>
    <version>1.11</version>
    <description>Music player, lets you control your boxee music</description>
    <thumb>http://boxee.bartsidee.nl/img/music/thumb.png</thumb>
    <repositoryid>bartsidee</repositoryid>
    <repository>http://boxee.bartsidee.nl</repository>
    <media>music</media>
    <copyright>bartsidee</copyright>
    <email>info@bartsidee.nl</email>
    <type>skin</type>
    <startWindow>default</startWindow>
    <platform>all</platform>
    <minversion>0.9.14</minversion>
</app>