<?xml version="1.0"?>
<window type="window" id="14000">
	<defaultcontrol always="true">51</defaultcontrol>
	<allowoverlay>yes</allowoverlay>
	<controls>
		<include>Common_Background</include>
		<control type="image">
             <posx>0</posx>
             <posy>0</posy>
             <width>1280</width>
             <height>720</height>
             <texture>background.png</texture>
        </control>
		
        <control type="button" id="10101">
			<visible>!Control.IsVisible(52)</visible>
			<posx>780</posx>
			<posy>50</posy>
			<width>70</width>
			<height>70</height>
            <aspectratio>keep</aspectratio>
			<texturefocus>settings-off.png</texturefocus>
			<texturenofocus>settings-on.png</texturenofocus>
            <onup>10101</onup>
			<onleft>10198</onleft>
            <ondown>51</ondown>
			<onclick lang="python">
<![CDATA[
mc.ActivateWindow(16000)
]]>
            </onclick>
		</control>
		
		<control type="label" id="10102">
			<visible>!Control.IsVisible(52)</visible>
			<posx>900</posx>
			<posy>60</posy>
			<width>300</width>
			<height>60</height>
			<font>font17</font>
			<align>left</align>
			<aligny>top</aligny>
			<label></label>
			<textcolor>grey</textcolor>
			<wrapmultiline>true</wrapmultiline>
		</control>

    
		<control type="image">
			<visible>!IsEmpty(Container(51).ListItem.Label)</visible>
			<posx>673</posx>
			<posy>183</posy>
			<width>185</width>
			<height>185</height>
			<texture>item.png</texture>
		</control>
        <control type="image">
			<visible>!IsEmpty(Container(51).ListItem.Label)</visible>
			<posx>680</posx>
			<posy>190</posy>
			<width>170</width>
			<height>170</height>
			<texture diffuse="diffuse.png">$INFO[Container(51).ListItem.Thumb]</texture>
		</control>
		<control type="image">
			<visible>!IsEmpty(Container(51).ListItem.Label)</visible>
			<posx>680</posx>
			<posy>190</posy>
			<width>170</width>
			<height>170</height>
			<texture>overlay.png</texture>
		</control>
		<control type="image">
			<visible>!IsEmpty(Container(51).ListItem.Label)</visible>
			<posx>680</posx>
			<posy>370</posy>
			<width>170</width>
			<height>170</height>
			<texture flipy="true" diffuse="DiffuseMirror.png">$INFO[Container(51).ListItem.Thumb]</texture>
        </control>
		
		<control type="label">
			<visible>!IsEmpty(Container(51).ListItem.Label)</visible>
			<posx>900</posx>
			<posy>180</posy>
			<width>200</width>
			<height>60</height>
			<font>font17</font>
			<align>left</align>
			<aligny>top</aligny>
			<label>[B]Artist:[/B][CR]$INFO[Container(51).ListItem.Artist]</label>
			<textcolor>grey</textcolor>
			<wrapmultiline>true</wrapmultiline>
		</control>
		<control type="label">
			<visible>!IsEmpty(Container(51).ListItem.Label)</visible>
			<posx>900</posx>
			<posy>250</posy>
			<width>300</width>
			<height>200</height>
			<font>font17</font>
			<align>left</align>
			<aligny>top</aligny>
			<label>[B]Info:[/B][CR]$INFO[Container(51).ListItem.property(description)]</label>
			<textcolor>grey</textcolor>
			<wrapmultiline>true</wrapmultiline>
		</control>
			
		<control type="group" id="1200">
			<animation type="Conditional" condition="Window.IsVisible(DialogProgress.xml)">
				<effect type="fade" start="100" end="20" time="200"/>
			</animation>
			
			<control type="panel" id="51">
				<include>BrowseListAnimation</include>
				<preloaditems>2</preloaditems>
				<posx>100</posx>
				<posy>175</posy>
				<width>500</width>
				<height>485</height>
				<onleft>10101</onleft>
				<onright>6000</onright>
				<onup>-</onup>
				<ondown>-</ondown>
				<scrolltime>400</scrolltime>
				<pagecontrol>60</pagecontrol>
				<orientation>vertical</orientation>
				<offsetx>4</offsetx>
				<offsety>4</offsety>
				
				<itemlayout width="505" height="50">
					<control type="label">
						<posx>5</posx>
						<posy>17</posy>
						<width>500</width>
						<height>26</height>
						<font>font22b</font>
						<align>left</align>
						<aligny>center</aligny>
						<label>$INFO[ListItem.Label]</label>
						<textcolor>grey</textcolor>
					</control>
				</itemlayout>
				
				<focusedlayout width="505" height="50">
					<control type="image">
						 <posx>0</posx>
						 <posy>10</posy>
						 <width>500</width>
						 <height>50</height>
						 <texture>focusrow.png</texture>
					</control>
					<control type="label">
						<posx>5</posx>
						<posy>17</posy>
						<width>500</width>
						<height>26</height>
						<font>font22b</font>
						<align>left</align>
						<aligny>center</aligny>
						<label>$INFO[ListItem.Label]</label>
						<textcolor>white</textcolor>
					</control>
				</focusedlayout>
				
				<content type="url" url="">
					<onclick lang="python">
<![CDATA[
window = mc.GetWindow(14000)
list = window.GetList(51)
listitems = list.GetItems()
listitem = listitems[list.GetFocusedItem()]

mc.GetActiveWindow().PushState()
window.GetControl(51).SetVisible(False)
app.ShowEpisode(str(listitem.GetPath()), str(listitem.GetLabel()))
window.GetControl(52).SetVisible(True)
window.GetControl(52).SetFocus()
]]>
					</onclick>
				</content>
			</control>
			
			<control type="panel" id="52">
				<include>BrowseListAnimation</include>
				<preloaditems>2</preloaditems>
				<posx>100</posx>
				<posy>175</posy>
				<width>500</width>
				<height>485</height>
				<onleft>6000</onleft>
				<onright>6000</onright>
				<onup>-</onup>
				<ondown>-</ondown>
				<scrolltime>400</scrolltime>
				<pagecontrol>60</pagecontrol>
				<orientation>vertical</orientation>
				<offsetx>4</offsetx>
				<offsety>4</offsety>
				
				<itemlayout width="505" height="50">
					<control type="label">
						<posx>5</posx>
						<posy>17</posy>
						<width>500</width>
						<height>26</height>
						<font>font22b</font>
						<align>left</align>
						<aligny>center</aligny>
						<label>$INFO[ListItem.Label]</label>
						<textcolor>grey</textcolor>
					</control>
				</itemlayout>
				
				<focusedlayout width="480" height="50">
					<control type="image">
						 <posx>0</posx>
						 <posy>10</posy>
						 <width>500</width>
						 <height>50</height>
						 <texture>focusrow.png</texture>
					</control>
					<control type="label">
						<posx>5</posx>
						<posy>17</posy>
						<width>500</width>
						<height>26</height>
						<font>font22b</font>
						<align>left</align>
						<aligny>center</aligny>
						<label>$INFO[ListItem.Label]</label>
						<textcolor>white</textcolor>
					</control>
				</focusedlayout>
				
				<content type="url" url="">
					<onclick lang="python">
<![CDATA[
window = mc.GetWindow(14000)
list = window.GetList(52)
listitems = list.GetItems()
listitem = listitems[list.GetFocusedItem()]
app.ShowPlay(str(listitem.GetPath()))
]]>
					</onclick>
				</content>
			</control>
		</control>
		<include>OSD_Progress_music</include>
		<include>Common_Now_Playing</include>	
	</controls>
</window>
