	<app>
		<id>bartsidee.tunein</id>
		<name>Tune-In Radio</name>
		<version>0.1</version>
		<description>Listen to online radio from tune-in</description>
		<thumb>http://www.bartsidee.nl/boxee/img/tunein/thumb.png</thumb>
		<repositoryid>com.bart</repositoryid>
		<repository>http://www.bartsidee.nl/boxee</repository>
		<media>music</media>
		<copyright>bartsidee</copyright>
		<email>bartsidee@gmail.com</email>
		<type>skin</type>
		<startWindow>default</startWindow>
		<platform>all</platform>
		<minversion>0.9.14</minversion>
	</app>